genre	nom	id	v25	v2026
propriete	Abréviation	2512009	1	1
propriete	Accès	2512100	1	1
propriete	Accessibilité	1410090235	0	1
propriete	AccuséRéception	1000018714	1	0
propriete	ActionClic	1000020807	1	0
propriete	Activé	1000017899	1	0
propriete	ActiveDirectory	1000023438	1	1
propriete	Adresse	2510017	1	1
propriete	AdresseExpéditeur	1000018715	1	0
propriete	AdresseServeur	1000018764	1	0
propriete	Affichage	2510010	1	1
propriete	AffichageActif	2510015	1	1
propriete	AffichageCaractèresContrôle	1000022634	1	1
propriete	AffichageLED	1000023985	1	0
propriete	AffichageSignets	1000023694	1	1
propriete	AfficheLien	1000020920	1	1
propriete	AfficheMêmeSiNull	1000021146	1	1
propriete	AfficheOrphelin	1000020697	1	1
propriete	AgentUtilisateur	1000021160	1	0
propriete	AjouteFilsDifféré	1000020927	1	1
propriete	AjoutTerminé	1000018388	1	1
propriete	Alias	2510004	1	1
propriete	AlignementVertical	1000022518	1	0
propriete	Alphabet	2512008	1	1
propriete	Altitude	2510002	1	1
propriete	Ancrage	2510001	1	1
propriete	AncrageAuContenu	1000023403	1	1
propriete	Angle	1410086632	1	1
propriete	AngleInclinaison	1000025753	0	1
propriete	AngleObservateur	2515046	1	1
propriete	AngleRotation	1000025752	0	1
propriete	AngleTitre	1000019371	1	1
propriete	Animation	2510006	1	1
propriete	AnimationAllerRetour	1000021231	1	1
propriete	AnimationInitiale	2510012	1	1
propriete	Année	2512095	1	1
propriete	Après	1000020917	1	1
propriete	Associé	1000022903	1	0
propriete	Attache	1000018945	1	0
propriete	Attribut	1000021691	1	0
propriete	AttributHTML	1410089223	0	1
propriete	Auteur	1000017988	1	0
propriete	AuthToken	1000022223	1	0
propriete	AutoFocusAuClic	1410087701	0	1
propriete	AutoriseMasquageActionBar	1000021893	1	1
propriete	AutoriseQuestions	1410091505	0	1
propriete	Avance	1000021574	1	1
propriete	AvanceRapide	2510011	1	1
propriete	Avant	1000020916	1	1
propriete	AvecBoutonFermeture	1000021374	1	1
propriete	AvecBoutonNouveau	1000021377	1	1
propriete	AvecInclinaison	1000025611	0	1
propriete	AvecRépétition	1000019258	1	0
propriete	AvecRotation	1000025609	0	1
propriete	AvecSaisie	1000020285	1	1
propriete	AvecScroll	1000025610	0	1
propriete	AvecZoom	1000020554	1	1
propriete	AxeSecondaire	1000019187	1	1
propriete	AxeXMax	1000018169	1	1
propriete	AxeXMin	1000018168	1	1
propriete	AxeYMax	1000018171	1	1
propriete	AxeYMin	1000018170	1	1
propriete	AxeZMax	1000020626	1	1
propriete	AxeZMin	1000020662	1	1
propriete	BalayageActif	1000021612	1	1
propriete	BalayageVertical	1000022460	1	1
propriete	BandeauVisible	1000017411	1	1
propriete	Barré	2513005	1	1
propriete	BarreDeFormuleVisible	1000021334	1	1
propriete	BarreDeMessage	2510007	1	1
propriete	BarreOutilsVisible	1000021333	1	1
propriete	BaseDeDonnées	2512101	1	1
propriete	BasPageCollé	2511074	1	1
propriete	Bibliothèque	1410088357	0	1
propriete	Binaire	2512001	1	1
propriete	Body	1000025914	0	1
propriete	BorneMax	2510009	1	1
propriete	BorneMin	2510008	1	1
propriete	Boussole	1000025607	0	1
propriete	BoutonCalculatrice	1000020009	1	1
propriete	BoutonCalendrier	1000017275	1	1
propriete	BoutonDroit	1410090002	0	1
propriete	BoutonGauche	1410090001	0	1
propriete	BoutonSuppression	1000021924	1	1
propriete	Bulle	2510005	1	1
propriete	BulleAutomatique	1000018996	1	1
propriete	BulleTitre	2510028	1	1
propriete	CadrageHorizontal	2510023	1	1
propriete	CadrageVertical	2510054	1	1
propriete	Cadre	1000018157	1	1
propriete	CadrePageVisible	1410088623	0	1
propriete	CalculEnCours	1410090050	0	1
propriete	Caméra	1410087704	0	1
propriete	CardinalitéReliéeMax	2512011	1	1
propriete	CardinalitéReliéeMin	2512002	1	1
propriete	CardinalitéSourceMax	2512005	1	1
propriete	CardinalitéSourceMin	2512006	1	1
propriete	Carte	1410089204	0	1
propriete	Catégorie	1000017778	1	0
propriete	Cci	1000018746	1	0
propriete	Cellule	1000021711	1	0
propriete	Certificat	1000021684	1	1
propriete	CertificatClient	1000024020	1	0
propriete	ChampArrivée	1000021878	1	1
propriete	ChampDépart	1000021877	1	1
propriete	Chemin	1000017787	1	0
propriete	CheminFichier	1000023104	1	1
propriete	CheminFichierParDéfaut	1000026144	0	1
propriete	CiblageLangue	1000018630	1	0
propriete	CiblageRéseau	1000018090	1	0
propriete	Classe	2514004	1	1
propriete	ClasseHTML	1000021530	1	1
propriete	Clé	1000020739	1	0
propriete	CléComposée	2512004	1	1
propriete	CléPrivée	1000022989	1	0
propriete	CléReliée	2512007	1	1
propriete	CléSource	2512003	1	1
propriete	ClicDroit	2510069	1	1
propriete	Client	1000019087	1	0
propriete	ClientID	1000022213	1	0
propriete	ClientSecret	1000022214	1	0
propriete	Cliquable	1410087802	0	1
propriete	Cochée	2510019	1	1
propriete	CocheVisible	1000019549	1	1
propriete	CodeCSS	1000022365	1	1
propriete	CodeHTML	1000022364	1	1
propriete	CodeJS	1000022366	1	1
propriete	CodePays	1000018060	1	0
propriete	CodePostal	1000018058	1	0
propriete	CodeSQL	1000017045	1	1
propriete	CodeSQLExécuté	1410089300	0	1
propriete	CoinArrondi	1410089641	0	1
propriete	Colonne	1410086758	0	1
propriete	Colonnes	1000023584	1	0
propriete	Commentaire	1410090471	1	1
propriete	CommentaireActivé	1000018565	1	0
propriete	CompacteBarreOutils	1000018693	1	1
propriete	CompacteOption	1000020608	1	1
propriete	Compilateur	1410090383	0	1
propriete	Composante	2512020	1	1
propriete	Compression	1000017276	1	1
propriete	CompressionMmo	2512028	1	1
propriete	Condensé	2513006	1	1
propriete	ConditionFiltre	2512096	1	1
propriete	Confidentialité	1000018716	1	0
propriete	ConfirmationLecture	1000018717	1	0
propriete	Connexion	2512019	1	1
propriete	ConserverHiérarchieVisible	1000021055	1	1
propriete	ContentType	1000018755	1	0
propriete	Contenu	1000017242	1	1
propriete	ContenuInitial	2510021	1	1
propriete	Continent	1000024925	1	0
propriete	CopieEcranAutorisée	1000025336	0	1
propriete	CorrectionAutomatique	1410088993	0	1
propriete	Couleur	2510071	1	1
propriete	CouleurBarreSystème	1000022485	1	1
propriete	CouleurCaractèresContrôle	1000024632	1	1
propriete	CouleurChamp	1410091164	0	1
propriete	CouleurFocus	1410091165	0	1
propriete	CouleurFond	2510022	1	1
propriete	CouleurFondTitre	1000023075	1	1
propriete	CouleurJauge	1000018156	1	1
propriete	CouleurLED	1000023986	1	0
propriete	CouleurMire	1000021505	1	1
propriete	CouleurSérie	2510145	1	1
propriete	CouleurSouligné	1000022510	1	0
propriete	CouleurSurlignage	1000022517	1	0
propriete	CouleurTexte	1000022507	1	0
propriete	CouleurTexteAutomatique	1000022074	1	1
propriete	CouleurTexteIndication	1000022643	1	1
propriete	CouleurTitre	1000022363	1	1
propriete	CpcMax	1000017970	1	0
propriete	Cryptage	2512102	1	1
propriete	CryptageFic	2512046	1	1
propriete	CryptageMmo	2512014	1	1
propriete	CryptageNdx	2512010	1	1
propriete	Cumul	1000020702	1	1
propriete	Curseur	2510025	1	1
propriete	CurseurLigne	1410090384	0	1
propriete	CurseurSouris	2510026	1	1
propriete	CxAccès	2512015	1	1
propriete	CxAccèsDécrit	2512048	1	1
propriete	CxBaseDeDonnées	2512047	1	1
propriete	CxBaseDeDonnéesDécrite	2512016	1	1
propriete	CxInfosEtendues	2512017	1	1
propriete	CxInitialCatalog	2512018	1	1
propriete	CxLibelléDécrit	2512021	1	1
propriete	CxMotDePasseDécrit	2512012	1	1
propriete	CxOptionsCurseur	2512042	1	1
propriete	CxProviderOLEDB	2512033	1	1
propriete	CxProviderOLEDBDécrit	2512025	1	1
propriete	CxTailleCache	2512027	1	1
propriete	CxUtilisateur	2512026	1	1
propriete	CxUtilisateurDécrit	2512022	1	1
propriete	DateCréation	1000022951	1	0
propriete	DateDébut	1000017426	1	1
propriete	DateDébutPériodeAffichée	1000020183	1	1
propriete	DateFin	1000017427	1	1
propriete	DateFinPériodeAffichée	1000020184	1	1
propriete	DateHeureDébut	1000021737	1	0
propriete	DateHeureFin	1000021738	1	0
propriete	DateMiseAJour	1000017987	1	0
propriete	DateModification	1000020601	1	0
propriete	DatePublication	1000017986	1	0
propriete	DateRéception	1000018718	1	0
propriete	DébutEtendueTotale	1000020392	1	1
propriete	DébutEtendueVisible	1000020394	1	1
propriete	DécalageVolet	1000023492	1	1
propriete	Déclaration	1000019342	1	0
propriete	Défaut	1000017046	1	1
propriete	Définition	1000019339	1	0
propriete	DemandeException	1000017964	1	0
propriete	Déplaçable	2510032	1	1
propriete	DéplaçableParLeFond	2510149	1	1
propriete	DéplacementRDV	1000019993	1	1
propriete	DéplacementTâche	1000020921	1	1
propriete	DernièreDateCouverte	1000018473	1	0
propriete	Désapprouvée	1000018071	1	0
propriete	Description	1000017164	1	1
propriete	DescriptionLigne1	1000018078	1	0
propriete	DescriptionLigne2	1000018079	1	0
propriete	DescriptionType	1000021596	1	1
propriete	Destinataire	1000018747	1	0
propriete	Destination	1000023917	1	0
propriete	Détaché	1000026078	0	1
propriete	Détection	2510031	1	1
propriete	DeviseAffichage	2510030	1	1
propriete	DeviseMémoire	2510013	1	1
propriete	Disposition	1000023391	1	1
propriete	Distance	1000023110	1	0
propriete	DndCible	2510016	1	1
propriete	DndSource	2510014	1	1
propriete	Document	1000026145	0	1
propriete	DoubleClic	2510027	1	1
propriete	Driver	2510061	1	1
propriete	DroiteAGauche	1000017228	1	1
propriete	Durée	1000018153	1	0
propriete	DuréeAnimation	1000021069	1	1
propriete	DuréeNonRéponse	2510052	1	1
propriete	EditionHTML	1000023415	1	1
propriete	EffacementAutomatique	1000017131	1	1
propriete	Effet	1410090859	0	1
propriete	EffetVisuel	1000018817	1	1
propriete	Ellipse	2510051	1	1
propriete	Email	1000018006	1	0
propriete	Emission	2510037	1	1
propriete	EnDehors	1000018944	1	0
propriete	Enfoncé	2510038	1	1
propriete	EnHeures	1000017296	1	1
propriete	EnJours	1000017295	1	1
propriete	EnMillisecondes	1000017299	1	1
propriete	EnMinutes	1000017297	1	1
propriete	EnPause	1000017968	1	0
propriete	EnroulableDéroulable	1410086747	0	1
propriete	Enroulé	2513014	1	1
propriete	EnSaisie	1000019649	1	1
propriete	EnSecondes	1000017298	1	1
propriete	EntêteVisible	1000021335	1	1
propriete	Epaisseur	2510144	1	1
propriete	EpaisseurMire	1000021506	1	1
propriete	Epinglé	1410087943	0	1
propriete	EspaceH	2511067	1	1
propriete	EspaceV	2511065	1	1
propriete	Etat	2510039	1	1
propriete	EtatInitial	2510063	1	1
propriete	Etendu	2513002	1	1
propriete	EtendueTotale	1000019066	1	1
propriete	EtendueVisible	1000019067	1	1
propriete	Etiquette	1000020243	1	0
propriete	Exclu	1000017967	1	0
propriete	ExécutionTerminée	2512117	1	1
propriete	Existe	1000022167	1	1
propriete	Expéditeur	1000018719	1	0
propriete	Extension	2512030	1	1
propriete	Extra	1410089327	0	1
propriete	FenEditionAutorisée	1000021850	1	1
propriete	FenEditionMode	1000021824	1	1
propriete	FenêtreDétailLigne	1000022372	1	1
propriete	FenêtreInterne	1410089635	0	1
propriete	FenêtreInternePopup	1000025608	0	1
propriete	FenêtreSiNouveau	1000021381	1	1
propriete	FenêtreSource	2511020	1	1
propriete	FeuilleEnCours	1000021640	1	1
propriete	FeuilleImprimée	1000021814	1	1
propriete	Fichier	1000018692	1	0
propriete	FichierJournal	2512032	1	1
propriete	FichierOrigine	2512029	1	1
propriete	FichierParcouru	2510040	1	1
propriete	FichierRelié	2512031	1	1
propriete	FichierSource	2512034	1	1
propriete	FichierTransaction	2512036	1	1
propriete	Filtre	2510042	1	1
propriete	FiltreAvecBornes	2512097	1	1
propriete	FiltreFichier	1000026278	0	1
propriete	FinCurseur	2510047	1	1
propriete	FinEtendueTotale	1000020393	1	1
propriete	FinEtendueVisible	1000020395	1	1
propriete	Flash	1410087703	0	1
propriete	FlexAlignContent	1410089744	0	1
propriete	FlexAlignItems	1410089745	0	1
propriete	FlexAlignSelf	1410089751	0	1
propriete	FlexColumnGap	1410089747	0	1
propriete	FlexDirection	1410089741	0	1
propriete	FlexGrow	1410089748	0	1
propriete	FlexJustifyContent	1410089743	0	1
propriete	FlexRowGap	1410089746	0	1
propriete	FlexShrink	1410089749	0	1
propriete	FlexWrap	1410089742	0	1
propriete	FocusAuClic	1000019345	1	1
propriete	Format	2512045	1	1
propriete	FormatAffichage	1410088879	0	1
propriete	FormatHtml	1000018813	1	1
propriete	FormatMémorisé	2510048	1	1
propriete	FormeExtrémitéArrivée	1000021890	1	1
propriete	FormeExtrémitéDépart	1000021889	1	1
propriete	FormeExtrémitéTaille	1000021960	1	1
propriete	FormuleClé	2512035	1	1
propriete	FormuleRubriqueCalculée	1000021823	1	1
propriete	FuseauHoraire	1000018391	1	0
propriete	Fusion	1000017095	1	1
propriete	GéoCiblage	1000018089	1	0
propriete	GèreHTML	1000017717	1	1
propriete	GèreRTF	1000017718	1	1
propriete	Global	1000019341	1	0
propriete	GraduationX	1410089598	0	1
propriete	GraduationY	1410089599	0	1
propriete	GraduationYSecondaire	1410089600	0	1
propriete	GrandeIcone	1000021303	1	0
propriete	GranularitéDéplacement	1000019642	1	1
propriete	GranularitéDurée	1000019643	1	1
propriete	GranularitéQuadrillage	1000020107	1	1
propriete	GranularitéRendezVous	1000019100	1	1
propriete	Gras	2513001	1	1
propriete	Grisé	1000019648	1	1
propriete	GrosFichier	2512037	1	1
propriete	Groupe	2510049	1	1
propriete	GUIDAnalyse	2512098	1	1
propriete	GUIDFichier	2512099	1	1
propriete	Habillage	1000023535	1	0
propriete	Hauteur	2510050	1	1
propriete	HauteurAvecAnimation	1410087234	0	1
propriete	HauteurDéroulée	1000024950	0	1
propriete	HauteurElément	1000020068	1	1
propriete	HauteurÉtendue	1410089638	0	1
propriete	HauteurEtiquette	2511069	1	1
propriete	HauteurFuture	2511061	1	1
propriete	HauteurImage	2510044	1	1
propriete	HauteurImageInitiale	1410088607	0	1
propriete	HauteurInitiale	2510043	1	1
propriete	HauteurIntermédiaire	1410089637	0	1
propriete	HauteurJour	1000020106	1	1
propriete	HauteurLigne	2510041	1	1
propriete	HauteurLigneMax	2510064	1	1
propriete	HauteurMax	2510065	1	1
propriete	HauteurMaxVignette	2512110	1	1
propriete	HauteurMin	2510035	1	1
propriete	HauteurPixel	2511064	1	1
propriete	HauteurRéduite	1410089636	0	1
propriete	HauteurRessource	1000020109	1	1
propriete	HauteurRuptureJour	1000020105	1	1
propriete	HauteurTitre	1000021058	1	1
propriete	HauteurUtile	1000021504	1	1
propriete	Hérité	1000019326	1	0
propriete	Heure	2512038	1	1
propriete	HeureOuvrableDébut	1000018958	1	1
propriete	HeureOuvrableFin	1000019056	1	1
propriete	HeureUTC	1000020855	1	0
propriete	HnswEfConstruction	1410086673	0	1
propriete	HnswM	1410086672	0	1
propriete	HTML	2511040	1	1
propriete	HTMLAprès	1000017002	1	1
propriete	HTMLAvant	1000017051	1	1
propriete	HTMLEntête	1000020178	1	1
propriete	HTMLFinPage	1000020177	1	1
propriete	IAConversation	1410091344	0	1
propriete	IAImage	1410086759	0	1
propriete	IAInfoModèle	1410091336	0	1
propriete	IALibellé	1410086760	0	1
propriete	IAPromptSystème	1410086763	0	1
propriete	IAValeurSaisie	1410086715	0	1
propriete	Icone	1000019344	1	1
propriete	IdApprobateurSuivant	1000018585	1	0
propriete	IDAutoMax	2512023	1	1
propriete	IDAutoMin	2512039	1	1
propriete	IdClient	1000018066	1	0
propriete	IdCompte	1000018487	1	0
propriete	IdContact	1000018488	1	0
propriete	Identifiant	2510036	1	1
propriete	IdentifiantCampagne	1000018104	1	0
propriete	IdentifiantGroupe	1000017961	1	0
propriete	IdPiste	1000018740	1	0
propriete	IdUtilisateur	1000018491	1	0
propriete	IgnoreErreur	1410089101	1	1
propriete	Image	2510034	1	1
propriete	ImageDéroulée	2513015	1	1
propriete	ImageEnroulée	2513016	1	1
propriete	ImageEtat	2510055	1	1
propriete	ImageFond	2510056	1	1
propriete	ImageFondEtat	2510057	1	1
propriete	ImageFondImprimée	1000021350	1	1
propriete	ImageFondLigne	1000017567	1	1
propriete	ImageMode	2510058	1	1
propriete	ImageModeDossier	1000022323	1	1
propriete	ImageTitre	1000018306	1	1
propriete	ImageType	1000023516	1	1
propriete	Importance	1000019254	1	0
propriete	ImpressionAChaquePage	2511057	1	1
propriete	Inaltérable	1000023376	1	1
propriete	Indication	1000017043	1	1
propriete	Indice	2512040	1	1
propriete	InfoGénérationVignette	2512111	1	1
propriete	InfosEtendues	2512041	1	1
propriete	InfoTrafic	1000025582	0	1
propriete	InterfaceModifiableAvecEtatsEtRequêtes	2511075	1	1
propriete	Interlettre	1410088367	0	1
propriete	Interligne	1410088366	1	1
propriete	InterprèteEtCommercial	2510151	1	1
propriete	Invité	1000019011	1	0
propriete	Italique	2513007	1	1
propriete	Jauge / Fonction Jauge	1000018289	1	0
propriete	JaugeSystème	1000018981	1	1
propriete	Jeton	1000023976	1	1
propriete	JetonActif	1000023782	1	1
propriete	JetonAutoriseDoublon	1000023784	1	1
propriete	JetonListeSéparateur	1000023783	1	1
propriete	JetonSaisieEnCours	1000024224	1	1
propriete	JetonSupprimable	1000024025	1	1
propriete	Jour	2512043	1	1
propriete	JourDeLaSemaine	1000018134	1	0
propriete	JourDuMois	1000019049	1	0
propriete	JourDuMoisOuDeLaSemaine	1000019048	1	0
propriete	Journalisation	2512044	1	1
propriete	LangagePageWeb	1000018085	1	0
propriete	Langue	1000017053	1	1
propriete	LangueDécrit	1000017333	1	1
propriete	Large	2513012	1	1
propriete	Largeur	2510059	1	1
propriete	LargeurAvecAnimation	1410087240	0	1
propriete	LargeurColonne	2510150	1	1
propriete	LargeurElément	1000020066	1	1
propriete	LargeurEtiquette	2511055	1	1
propriete	LargeurImage	2510066	1	1
propriete	LargeurImageDossier	1000022321	1	1
propriete	LargeurImageInitiale	1410088608	0	1
propriete	LargeurInitiale	2510067	1	1
propriete	LargeurJour	1000020108	1	1
propriete	LargeurLibellé	1000020951	1	1
propriete	LargeurMax	2510068	1	1
propriete	LargeurMaxBouton	1000022169	1	1
propriete	LargeurMaxVignette	2512112	1	1
propriete	LargeurMin	2510062	1	1
propriete	LargeurPixel	2511052	1	1
propriete	LargeurRessource	1000020110	1	1
propriete	LargeurUtile	1000021503	1	1
propriete	Latitude	1000017951	1	0
propriete	LecteurMultimédia	1000019055	1	1
propriete	LectureSeule	1000022671	1	0
propriete	Légende	2510143	1	1
propriete	LiaisonFichier	2510060	1	1
propriete	LiaisonsDétailLigne	1000023414	1	1
propriete	Libellé	2510053	1	1
propriete	LibelléAction	1000021305	1	0
propriete	LibelléHTML	1000020922	1	1
propriete	LibelléPériodeEntête	1000020185	1	1
propriete	LibelléSiNouveau	1000021380	1	1
propriete	Lien	1000018198	1	0
propriete	LienAutomatique	2513017	1	1
propriete	Lieu	1000019010	1	0
propriete	Ligne	1410086757	1	1
propriete	Liste	1410089296	0	1
propriete	Login	1000018415	1	0
propriete	Longitude	1000017952	1	0
propriete	LongueurMinimale	1000017716	1	1
propriete	LongueurSélection	1000022522	1	1
propriete	MAJAutomatique	2510146	1	1
propriete	Major	1000023107	1	0
propriete	MargeBasse	2511051	1	1
propriete	MargeDroite	2511053	1	1
propriete	MargeGauche	2511048	1	1
propriete	MargeHaute	2511043	1	1
propriete	MargeHauteur	1000021029	1	1
propriete	MargeInterCellules	1000023413	1	1
propriete	MargeLargeur	1000021028	1	1
propriete	Markdown	1410089000	0	1
propriete	Masquable	1410089640	0	1
propriete	MasquageAuScroll	1410087944	0	1
propriete	MasqueAffichage	1000020008	1	1
propriete	MasqueSaisie	2510033	1	1
propriete	MasqueTitreDate	1000019463	1	1
propriete	MasqueTitreHeure	1000020382	1	1
propriete	MaxFeuilleParLigne	1000020103	1	1
propriete	MDIBas	2510088	1	1
propriete	MDIDroite	2510118	1	1
propriete	MDIGauche	2510074	1	1
propriete	MDIHaut	2510075	1	1
propriete	mdpsAge	1410088486	0	1
propriete	mdpsCorrespondÀLaDescription	1410088385	0	1
propriete	mdpsDérivation	1410088386	0	1
propriete	mdpsHash	1410088412	0	1
propriete	mdpsNombreItération	1410088388	0	1
propriete	mdpsTaille	1410088387	0	1
propriete	Média	1000018347	1	0
propriete	Membre	1000021078	1	1
propriete	Mémo	2512093	1	1
propriete	Mémoire	2510076	1	1
propriete	MémoriseFiltreFAA	1000020058	1	1
propriete	MémoriserLaConfiguration	1000021383	1	1
propriete	MémoriserLaValeur	1000021106	1	1
propriete	MémoriseTriFAA	1000020069	1	1
propriete	MenuContextuel	2510077	1	1
propriete	Message	2510078	1	1
propriete	MessageID	1000018721	1	0
propriete	MessagerieInstantanée	1000020262	1	0
propriete	MessageSecondaire	1000021302	1	0
propriete	Métropole	1000018536	1	0
propriete	Milliseconde	2512062	1	1
propriete	Miniature	2510045	1	1
propriete	Minor	1000023108	1	0
propriete	Minute	2512050	1	1
propriete	MiseEnForme	1000022828	1	0
propriete	MiseEnPage	1000023138	0	1
propriete	Modale	1410089639	0	1
propriete	Mode	1000023581	1	0
propriete	ModeAffichage	1000023378	1	1
propriete	ModeAffichageAutoAuChargement	1000023467	1	1
propriete	ModeAffichagePrévisualisation	1410087702	0	1
propriete	ModeAjustement	1000021790	1	1
propriete	ModeAncrage	1410086756	0	1
propriete	ModeBacASable	1000017844	1	0
propriete	ModeCarte	1000019956	1	1
propriete	ModeEdition	1410089005	0	1
propriete	ModeListeImage	2510079	1	1
propriete	ModeLoupe	1000018158	1	1
propriete	ModeManipulation	1000023449	1	1
propriete	ModeSaisie	2512108	1	0
propriete	ModeSignature	1000024436	1	1
propriete	ModeTest	1000020179	1	1
propriete	ModeTransparence	1000021681	1	1
propriete	ModificationDuréeRDV	1000019994	1	1
propriete	Modifié	2510080	1	1
propriete	Mois	2512052	1	1
propriete	Monochrome	1410090978	0	1
propriete	MotClé	1000018192	1	0
propriete	MotDePasse	2510086	1	1
propriete	MotDePasseCertificatClient	1000024021	1	0
propriete	MotDePasseCléPrivée	1000022990	1	0
propriete	MotDePasseUtilisateur	1000022988	1	0
propriete	MotDePasseWDD55	2512049	1	1
propriete	MotsClés	1000017163	1	1
propriete	MotVide	1000021126	1	1
propriete	MsgTriSel	2511045	1	1
propriete	MultiFeuille	1000021639	1	1
propriete	Multiligne	2510105	1	1
propriete	Multisélection	1000017054	1	1
propriete	Namespace	1000018805	1	0
propriete	NamespaceDéclaré	1000023395	1	0
propriete	NbCarteMax	1410089565	0	1
propriete	NbColonne	1000018810	1	1
propriete	NbComposante	2512058	1	1
propriete	NbComposantesVecteur	1410091343	0	1
propriete	NbCopie	2511042	1	1
propriete	NbElémentTableau	2512053	1	1
propriete	NbEnrImprimé	2511058	1	1
propriete	NbEnrLu	2511041	1	1
propriete	NbEnrTotal	2511047	1	1
propriete	NbEtapeAnimation	1000021230	1	1
propriete	NbEtiquette	2511050	1	1
propriete	NbExemplaireEtiquette	2511059	1	1
propriete	NbFeuille	1000021641	1	1
propriete	NbFilsTotal	1000021046	1	1
propriete	NbJourAffiché	1000019005	1	1
propriete	NbLigneMaxParLigne	1410090331	0	1
propriete	NbLignesParPage	2510081	1	1
propriete	NbMaxSegment	1000021906	1	1
propriete	NbOccurrence	1000019264	1	0
propriete	NbReçus	1000017047	1	1
propriete	NbRubrique	2512055	1	1
propriete	NbRubriqueClé	2512056	1	1
propriete	NbRubriqueCléSémantique	1410086714	0	1
propriete	NbRubriqueCléSpatiale	1410086713	0	1
propriete	NbRubriqueMémo	2512057	1	1
propriete	NbThreadAttente	1000018387	1	1
propriete	NbVignette	2512113	1	1
propriete	NbVignetteDécrit	2512114	1	1
propriete	Négatif	1000018184	1	0
propriete	NiveauCompétitionAnnonceur	1000018193	1	0
propriete	NiveauFlou	1410088348	0	1
propriete	NiveauVolumeRecherche	1000018183	1	0
propriete	Nom55	2512054	1	1
propriete	Nom	2510082	1	1
propriete	NombreColonne	2510083	1	1
propriete	NombreExécution	1000019029	1	0
propriete	NombreLigne	1000021519	1	1
propriete	NombrePage	2510084	1	1
propriete	NombrePageAccessible	1000023477	1	1
propriete	NomComplet	2514005	1	1
propriete	NomDécrit	2512066	1	1
propriete	NomEntreprise	1000018075	1	0
propriete	NomEtatInterne	2511037	1	1
propriete	NomFeuille	1000021646	1	1
propriete	NomFichier	1000018248	1	0
propriete	NomFichierNavigateur	1000018779	1	1
propriete	NomFichierServeur	1000018780	1	1
propriete	NomModelEmbedding	1410086686	0	1
propriete	NomPhysique	2512059	1	1
propriete	NomPhysiqueDécrit	2512063	1	1
propriete	NomSource	2511035	1	1
propriete	NomVue	2511030	1	1
propriete	NomZoneMem	2511029	1	1
propriete	Note	2510085	1	1
propriete	Nouveau	2510073	1	1
propriete	NouvelEnregistrement	1000017090	1	1
propriete	Null	2512064	1	1
propriete	NullAutorisé	1000019492	1	1
propriete	NullIndexé	1410088758	0	1
propriete	NullSiVide	1000021107	1	1
propriete	NullSupporté	2512061	1	1
propriete	Num1erJourDeLaSemaine	1000019004	1	1
propriete	Numérique	2512067	1	1
propriete	Numéro	1000019073	1	0
propriete	NuméroAide	2510141	1	1
propriete	NuméroGénération	2512068	1	1
propriete	NuméroPage	2510106	1	1
propriete	NuméroPageAffichée	1000023479	1	1
propriete	NuméroSérie	1000020900	1	0
propriete	NumEtiquetteDeDépart	2511032	1	1
propriete	NumTAB	2510098	1	1
propriete	Occulté	1410087964	0	1
propriete	Occurrence	2510097	1	1
propriete	ODBCCodeSQL	2511028	1	1
propriete	ODBCMotDePasse	2511031	1	1
propriete	ODBCNomBase	2511034	1	1
propriete	ODBCNomConnexion	2511033	1	1
propriete	ODBCNomUtilisateur	2511019	1	1
propriete	OngletDynamique	1000021626	1	1
propriete	OngletMDI	1000021471	1	1
propriete	Opacité	2514006	1	1
propriete	OpacitéMire	1000021517	1	1
propriete	OpérateurMobile	1000018084	1	0
propriete	Option	2510154	1	1
propriete	OptionsCurseur	2512103	1	1
propriete	OptionsOuverture	1410091299	0	1
propriete	OptionTri	1000017044	1	1
propriete	OrientationElément	1000020055	1	1
propriete	OrientationVerticale	2510092	1	1
propriete	OriginePointDePassage	1000022161	1	1
propriete	OutilInitial	1410088609	0	1
propriete	Ouverte	1410091311	0	1
propriete	Page	1410089371	0	1
propriete	PageInternePopup	1000026257	0	1
propriete	PageSource	1000021228	1	1
propriete	Palette	1000021346	1	0
propriete	PanneauBibliothèqueVisible	1410088468	0	1
propriete	PanneauModifieurVisible	1410088522	0	1
propriete	ParAdresse	1000017048	1	1
propriete	Paramètre	1000019158	1	0
propriete	ParamètresOuverture	1410091044	0	1
propriete	ParcoursAuto	2510093	1	1
propriete	Parent	1000023486	1	0
propriete	ParRéférence	1000024379	1	1
propriete	PartieDate	2512065	1	1
propriete	PartieDécimale	2512119	1	1
propriete	PartieEntière	2512118	1	1
propriete	PartieHeure	2512069	1	1
propriete	Pays	1000018116	1	0
propriete	PériodeAnimation	2510152	1	1
propriete	PersistanceRubriqueCalculée	1000021858	1	1
propriete	Plan	2510094	1	1
propriete	PlanActif	1410089874	0	1
propriete	Planification	1000020491	1	0
propriete	Poids	1000018904	1	1
propriete	PointDAttacheArrivée	1000021908	1	1
propriete	PointDAttacheDépart	1000021907	1	1
propriete	PointDePassage	1000021957	1	1
propriete	Police	2510095	0	1
propriete	PoliceAlphabet	2510089	1	1
propriete	PoliceBarrée	2510091	1	1
propriete	PoliceCondensée	2510096	1	1
propriete	PoliceContenuRendezVous	1000020685	1	1
propriete	PoliceEtendue	2510104	1	1
propriete	PoliceGras	2510103	1	1
propriete	PoliceItalique	2510102	1	1
propriete	PoliceLarge	2510101	1	1
propriete	PoliceNom	2510100	1	1
propriete	PoliceSoulignée	2510099	1	1
propriete	PoliceTaille	2510072	1	1
propriete	PoliceTailleMin	1000024918	1	1
propriete	PoliceTitreRendezVous	1000020684	1	1
propriete	Port	1000018761	1	0
propriete	PortionAffichée	1000025307	0	1
propriete	PositionDébut	1000022491	1	0
propriete	PositionFin	1000022492	1	0
propriete	Prénom	1000020259	1	0
propriete	Principal	1000018208	1	0
propriete	Priorité	1000018720	1	0
propriete	Prix	1000020870	1	0
propriete	ProcédureFiltre	1000020655	1	1
propriete	ProcédureTrace	1000023609	1	0
propriete	ProfondeurHiérarchique	1000021027	1	1
propriete	Propriété	1000022061	1	0
propriete	ProtégéParMotDePasse	2512071	1	1
propriete	Protocole	1000020263	1	0
propriete	Provider	2512104	1	1
propriete	PublicitéChargée	1000020180	1	1
propriete	QuadrillageVisible	1000023117	1	1
propriete	Racinisation	1000021132	1	1
propriete	Réception	2510117	1	1
propriete	RechercheFAA	1000023445	1	1
propriete	Réduit	1000022005	1	1
propriete	RéduitAutomatique	1000021963	1	1
propriete	Référence	1000018722	1	0
propriete	Région	1000017834	1	0
propriete	RègleAnonymisation	1410090333	0	1
propriete	RègleModification	2512051	1	1
propriete	RègleSuppression	2512083	1	1
propriete	RégletteModifiable	1000020381	1	1
propriete	RégletteValeur	1000020380	1	1
propriete	RégletteVisible	1000020379	1	1
propriete	RègleVisible	1000023076	1	1
propriete	RemplissageAuto	1410090515	0	1
propriete	RendezVousContinu	1000022469	1	1
propriete	RéorganisationAutomatique	1000020925	1	1
propriete	RepeatableReadSupporté	1000020959	1	1
propriete	Répertoire	2512078	1	1
propriete	RépertoireDécrit	2512074	1	1
propriete	RépertoireDeTravail	1000026169	0	1
propriete	RépertoireJournal	2512075	1	1
propriete	RépertoireJournalOpération	2512076	1	1
propriete	RépertoireRéplication	2512084	1	1
propriete	RépertoireSauvegardeJournal	2512116	1	1
propriete	Répétition	1000019257	1	0
propriete	Réplication	2512073	1	1
propriete	Replié	1000024532	1	1
propriete	Ressource	1000019308	0	1
propriete	RessourceSélectionnée	1000019445	1	1
propriete	RetourALaLigneAuto	1000021868	1	1
propriete	RetraitBas	1000022891	1	1
propriete	RetraitDétailLigne	1000022375	1	1
propriete	RetraitDroit	1000021110	1	1
propriete	RetraitGauche	2513018	1	1
propriete	RetraitHaut	1000022890	1	1
propriete	RetraitPremièreLigne	1000022952	1	0
propriete	RGPD	1000025474	0	1
propriete	RichEdit	2510108	1	1
propriete	RTFAvecImagesEtTableaux	1000022170	1	1
propriete	Ruban	1000023996	1	1
propriete	Rubrique	1410086689	0	1
propriete	RubriqueAffichée	2510123	1	1
propriete	RubriqueAffichéeImage	2510109	1	1
propriete	RubriqueFiltrée	2512086	1	1
propriete	RubriqueMémorisée	2510110	1	1
propriete	RubriqueOrigine	2512079	1	1
propriete	RubriqueParcourue	2510111	1	1
propriete	Rubriques	1000017462	1	1
propriete	RubriqueTexteComplétée	2512080	1	1
propriete	SaisieDirecteRDV	1000019995	1	1
propriete	SaisieFormule	1000021337	1	1
propriete	SaisieInvalide	1410090439	0	1
propriete	SaisieInvalideBloquante	1000026175	0	1
propriete	SaisieManuscrite	1000017116	1	1
propriete	SaisieObligatoire	1000026174	0	1
propriete	SaisieValeur	1000021336	1	1
propriete	ScreenCastAutorisé	1000021992	1	1
propriete	ScreenCastEnCours	1000021993	1	1
propriete	ScrollAuDoigt	1000019284	1	1
propriete	Seconde	2512081	1	1
propriete	Section	1000022703	1	0
propriete	Sécurisé	2512082	1	1
propriete	SécuritéHtml	1000019121	1	1
propriete	Sélection	1000023033	1	1
propriete	SélectionEnAffichage	1000022936	1	1
propriete	Sélectionnée	2510112	1	1
propriete	SélectionPériode	1000019996	1	1
propriete	SélectionSeule	2511017	1	1
propriete	SensEcriture	2513020	1	1
propriete	SensibleAccentuation	2512077	1	1
propriete	SensibleCasse	2512085	1	1
propriete	SensiblePonctuation	2512087	1	1
propriete	SensSélection	1000022672	1	1
propriete	Séparateur	1000023610	1	0
propriete	Serveur	2512105	1	1
propriete	Service	1000022056	1	0
propriete	Site	1000019095	1	0
propriete	Société	1000023087	1	0
propriete	Souligné	2513013	1	1
propriete	Source	2510147	1	1
propriete	SourceDescription	2510148	1	1
propriete	SourceXML	1000018789	1	0
propriete	SousLibellé	1000017232	1	1
propriete	Style	1000021472	1	1
propriete	StyleCoche	1410088605	0	1
propriete	StyleFond	2513019	1	1
propriete	StyleID	1000022846	1	0
propriete	Succès	1000018461	1	0
propriete	Sujet	1000018726	1	0
propriete	Surentête	1000022744	1	1
propriete	SurInvisibilité	1410091043	0	1
propriete	SynchroHFSQL	1000023408	1	1
propriete	Synonyme	1000021127	1	1
propriete	Tag	1000018353	1	0
propriete	Taille	2510125	1	1
propriete	TailleCache	2512106	1	1
propriete	TailleClé	1000017277	1	1
propriete	TailleCompressée	1000018684	1	0
propriete	TailleEnregistrement	2512090	1	1
propriete	TailleMax	1000022708	1	0
propriete	TauxAncrageBas	2510113	1	1
propriete	TauxAncrageDroite	2510114	1	1
propriete	TauxAncrageHauteur	2510119	1	1
propriete	TauxAncrageLargeur	2510120	1	1
propriete	TauxParallaxeHauteur	1000021921	1	1
propriete	TauxParallaxeY	1000021922	1	1
propriete	Téléphone	1000017807	1	0
propriete	Texte	2512089	1	1
propriete	TexteAlternatif	1000021962	1	1
propriete	TexteBrut	1000018725	1	0
propriete	TexteJauge	1000017246	1	1
propriete	TexteSaisieInvalide	1000026245	0	1
propriete	TexteSaisieObligatoire	1000026176	0	1
propriete	TexteSansFormat	1000019118	1	1
propriete	TexteSélectionné	1000017193	1	1
propriete	TexteSélectionnéAvecBalise	1000019119	1	1
propriete	TimeoutConnexion	1000022139	1	0
propriete	Timestamp	1000018343	1	0
propriete	TimestampType	1000021954	1	1
propriete	TimestampUTC	1000021955	1	1
propriete	Titre	2510090	1	1
propriete	TitreNote	2510121	1	1
propriete	Torche	1410087848	0	1
propriete	TotauxActif	2510122	1	1
propriete	ToucheRaccourci	1000021105	1	1
propriete	ToutModifiableAvecEtatsEtRequêtes	2511076	1	1
propriete	Traitement	1000020878	1	1
propriete	TrameFond	1000022735	1	0
propriete	Triable	2510116	1	1
propriete	Triée	2510115	1	1
propriete	TroisEtats	2510124	1	1
propriete	Type	2510131	1	1
propriete	TypeBouton	1000021108	1	1
propriete	TypeClé	2512060	1	1
propriete	TypeContenu	1000022609	1	0
propriete	TypeCritère	1000017890	1	0
propriete	TypeFichiers	1000019034	1	1
propriete	TypeFin	1000019263	1	0
propriete	TypeInterligne	1000022610	1	0
propriete	TypeMIME	1000017875	1	0
propriete	TypeMotClé	1000018223	1	0
propriete	TypeRemplissage	1000017723	1	1
propriete	TypeSaisie	2510136	1	1
propriete	TypeSignature	1000021995	1	1
propriete	TypeTri	2512091	1	1
propriete	Unicode	1000017001	1	1
propriete	UnitéTaille	1410088365	0	1
propriete	URI	1000018804	1	0
propriete	URL	2510132	1	1
propriete	URLAffichée	1000017823	1	0
propriete	URLDestination	1000017821	1	0
propriete	URLRedirection	1000023562	1	0
propriete	Utilisateur	2512107	1	1
propriete	UUID	1000022058	1	0
propriete	Valeur	2510130	1	1
propriete	ValeurAffichée	2510129	1	1
propriete	ValeurAffichéeCombo	1410090482	0	1
propriete	ValeurAssociée	1000023065	1	0
propriete	ValeurInférieure	1000020433	1	1
propriete	ValeurInitiale	2510128	1	1
propriete	ValeurMémorisée	2510127	1	1
propriete	ValeurParDéfaut	2512092	1	1
propriete	ValeurParDéfautCalculée	1000021825	1	1
propriete	ValeurParEtoile	1000021996	1	1
propriete	ValeurRecherche	1000021602	1	1
propriete	ValeurRenvoyée	2510134	1	1
propriete	ValeurSupérieure	1000020434	1	1
propriete	Valide	1000023572	1	0
propriete	VérifieOrthographe	2510153	1	1
propriete	Version	1000017941	1	0
propriete	Vertical	2510133	1	1
propriete	Vibration	1000023984	1	0
propriete	Vide	2510126	1	1
propriete	VideSiZéro	1000020766	1	1
propriete	Vignette	2512115	1	1
propriete	Ville	1000017811	1	0
propriete	Virtuel	1000019343	1	0
propriete	Visible	2510138	1	1
propriete	VisibleAvecAnimation	1410087232	0	1
propriete	VisibleEnExportEtImpression	1000022320	1	1
propriete	VisibleHorsFenêtre	1000019349	1	1
propriete	VisibleInitial	2510070	1	1
propriete	VisibleUtilisateurFinal	2512109	1	1
propriete	VisualisationMarkdown	1410089587	0	1
propriete	Volet	1000021098	1	1
propriete	VoletDétachable	1000021382	1	1
propriete	VoletNavigationVisible	1000023437	1	1
propriete	VoletVisible	1000023515	1	1
propriete	VoletVisibleParDéfaut	1410090637	0	1
propriete	WDD55	2512094	1	1
propriete	XImage	2510139	1	1
propriete	XInitial	2510140	1	1
propriete	YImage	2510046	1	1
propriete	YInitial	2510087	1	1
propriete	ZoneImpression	1000021809	1	1
propriete	Zoom	1000017201	1	1
propriete	ZoomAuDoigt	1000022497	1	1
propriete	ZoomMax	1410088099	0	1
propriete	ZoomMin	1410088098	0	1
type	ActionRapide	1410090054	0	1
type	adminWBApplication	1410089993	0	1
type	adminWBAuth	1410089328	0	1
type	adminWBCompte	1410089382	0	1
type	adminWBConnexion	1410089344	0	1
type	Adresse	1000019944	1	1
type	AdresseEmail	1000020244	1	1
type	AdresseSIP	1000020245	1	1
type	AdresseWeb	1000020246	1	1
type	agRendezVous	1000019006	1	0
type	agRépétition	1000019017	1	0
type	apiRéponse	1410091082	0	1
type	apiRequête	1410088935	0	1
type	AppleID	1000025405	0	1
type	AuthToken	1000022220	1	1
type	beaconGroupe	1000023105	1	1
type	beaconInfoDétection	1000023109	1	1
type	Booléen	1000024441	0	1
type	btleCaractéristique	1000022060	1	1
type	btleDescripteur	1000022064	1	1
type	btlePériphérique	1000022054	1	1
type	btleService	1000022057	1	1
type	Buffer	1514042	0	1
type	Cadre	15140100	1	1
type	Calendrier	1000020663	1	1
type	Caractère	1000024442	0	1
type	CarteCercle	1000025504	0	1
type	CarteImage	1000025523	0	1
type	CartePolygone	1000025476	0	1
type	CartePolyligne	1000025489	0	1
type	Certificat	1000019287	1	1
type	Chaîne ASCIIZ sur	1000024444	0	1
type	Chaîne fixe sur	1000024445	0	1
type	Chaîne Pascal sur	1000024446	0	1
type	Chaîne sur	1000024443	0	1
type	Chaîne	1514044	0	1
type	Chaîne Unicode sur	1000024447	0	1
type	ChaîneSecrète	1000024448	0	1
type	Champ	1000020967	1	1
type	Chrono	1000023560	1	1
type	CodeBarres	1000019451	1	1
type	CodeSQLMiseEnForme	1410091385	0	1
type	CodeWLangageCompilation	1410090373	0	1
type	CodeWLangageMiseEnForme	1410090146	0	1
type	Combinaison	1514074	1	1
type	Commande	1410090491	0	1
type	COMObjet	1000018983	1	1
type	Composant	1410089120	0	1
type	Connexion	1514073	1	1
type	Contact	1000020254	1	1
type	ContactSource	1000020211	1	1
type	Continent	1000024919	1	1
type	Cookie	1000019222	1	1
type	Couleur	1000019661	1	1
type	Date	1514066	1	1
type	DateHeure	1514070	1	1
type	Définition	1000019540	1	1
type	Description d'API	1000019149	1	1
type	Description de Fichier	1514065	1	1
type	Description d'IndexFullText	1000017461	1	1
type	Description d'IndexSémantique	1410086697	0	1
type	Description de Liaison	1514039	1	1
type	Description d'Option	1000023072	1	1
type	Description de Paramètre	1410089122	0	1
type	Description de procédure	1000019317	1	1
type	Description de Propriété	1000019324	1	1
type	Description de Rubrique	1514071	1	1
type	Description de Syntaxe	1410089154	0	1
type	Description de TâcheParallèle	1000021586	1	1
type	Description de Valeur	1000023061	1	1
type	Description de Variable	1000019560	1	1
type	diagActionAutorisée	1410088840	0	1
type	diagBibliothèque	1410088354	0	1
type	diagBordure	1410088179	0	1
type	diagChemin	1410088384	0	1
type	diagExtrémité	1410088470	0	1
type	diagForme	1410088082	0	1
type	diagGroupe	1410088127	0	1
type	diagImage	1410088414	0	1
type	diagLien	1410088454	0	1
type	diagMiseEnPage	1410088610	0	1
type	diagOvale	1410088135	0	1
type	diagPoint	1410088140	0	1
type	diagPointDAttache	1410088457	0	1
type	diagPointDePassage	1410088548	0	1
type	diagPolygone	1410088137	0	1
type	Diagramme	1410088055	0	1
type	diagRectangle	1410088083	0	1
type	diagSélection	1410088172	0	1
type	diagTexte	1410088393	0	1
type	docCellule	1000022927	1	1
type	docColonne	1000023160	1	1
type	docElément	1000022484	1	1
type	docElémentFormule	1000022937	1	1
type	docElémentImage	1000022696	1	1
type	docElémentInterrupteur	1410089762	0	1
type	docElémentLien	1000022970	1	1
type	docElémentTexte	1000022493	1	1
type	docElémentZoneDeTexte	1000023420	1	1
type	docEntêtePiedDePage	1000022996	1	1
type	docFormatMulticolonne	1000023580	1	1
type	docFragment	1000022482	1	1
type	docLigne	1000022925	1	1
type	docMiseEnForme	1000022817	1	1
type	docNiveauNumérotation	1000022799	1	1
type	docNumérotation	1000022794	1	1
type	docParagraphe	1000022483	1	1
type	docPropriété	1000022945	1	1
type	docRemplacementAutomatique	1410088985	0	1
type	docSection	1000022685	1	1
type	docStyle	1000022486	1	1
type	docTableau	1000022924	1	1
type	docTableDesMatières	1000024893	0	1
type	docTabulation	1000022573	1	1
type	Document	1000022461	1	1
type	Drive	1410089369	0	1
type	Durée	1514069	1	1
type	edtHTMLSélection	1000026093	0	1
type	Email	1000018713	1	1
type	emailAttache	1000018752	1	1
type	emailEntête	1000020774	1	1
type	emailSessionIMAP	1000018957	1	1
type	emailSessionNotes	1000018768	1	1
type	emailSessionOutlook	1000018767	1	1
type	emailSessionPOP3	1000018759	1	1
type	emailSessionSMTP	1000018765	1	1
type	Enregistrement	1000020962	1	1
type	Entier	1514049	0	1
type	Enumération	1514067	1	1
type	Evénement	1000020248	1	1
type	EvénementTimeline	1000020612	1	1
type	fbSession	1000021851	1	1
type	FichierDisque	1410088883	0	1
type	FichierGgl	1410089586	0	1
type	File	1514021	1	1
type	Filigrane	1000019922	1	1
type	Fond	1000022038	1	1
type	FormatDSV	1410090083	0	1
type	FormatNumérique	1410089836	0	1
type	ftpConnexion	1410090869	0	1
type	Géométrie	1410090098	0	1
type	géoPosition	1000019191	1	1
type	gglAdressePostale	1000017575	1	1
type	gglAdWAdresse	1000017655	1	0
type	gglAdWAlerteMCC	1000017724	1	0
type	gglAdWAnnonceIllustrée	1000017726	1	0
type	gglAdWAnnonceLocalisée	1000017725	1	0
type	gglAdWAnnonceMobile	1000017727	1	0
type	gglAdWAnnonceMobileIllustrée	1000017728	1	0
type	gglAdWAnnonceTexte	1000017729	1	0
type	gglAdWAnnonceVidéo	1000017730	1	0
type	gglAdWCampagne	1000017731	1	0
type	gglAdWCiblageDémographique	1000018226	1	0
type	gglAdWCiblageGéoLangue	1000018234	1	0
type	gglAdWCiblageLangue	1000017732	1	0
type	gglAdWCiblageRéseau	1000017733	1	0
type	gglAdWCollectionVariationsMotClé	1000018205	1	0
type	gglAdWConnexion	1000017492	1	0
type	gglAdWEligibilitéOptimiseurConversion	1000017734	1	0
type	gglAdWEntreprise	1000017640	1	0
type	gglAdWErreur	1000017608	1	0
type	gglAdWEstimationCampagne	1000018260	1	0
type	gglAdWEstimationGroupeAnnonce	1000018258	1	0
type	gglAdWEstimationMotClé	1000018251	1	0
type	gglAdWGéoCercle	1000018164	1	0
type	gglAdWGéoCiblage	1000017735	1	0
type	gglAdWGroupeAnnonce	1000018292	1	0
type	gglAdWGroupeMotCléSite	1000018190	1	0
type	gglAdWImage	1000017616	1	0
type	gglAdWInfoCompte	1000017736	1	0
type	gglAdWInfoCompteClient	1000017737	1	0
type	gglAdWMétropoleCible	1000018537	1	0
type	gglAdWMotClé	1000017688	1	0
type	gglAdWMotCléSite	1000018189	1	0
type	gglAdWMotCléSource	1000018188	1	0
type	gglAdWNbUnitéClient	1000017707	1	0
type	gglAdWOptimisationBudget	1000017738	1	0
type	gglAdWOptimisationConversion	1000017739	1	0
type	gglAdWPaysCible	1000018310	1	0
type	gglAdWPlanification	1000017740	1	0
type	gglAdWPlanificationAnnonce	1000017742	1	0
type	gglAdWPréférencesNotificationEmail	1000017743	1	0
type	gglAdWProximitéCible	1000018334	1	0
type	gglAdWRégionCible	1000018550	1	0
type	gglAdWRequêteCampagne	1000018265	1	0
type	gglAdWRequêteGroupeAnnonce	1000018263	1	0
type	gglAdWRequêteMotClé	1000018262	1	0
type	gglAdWRequêteRapportDéfini	1000018304	1	0
type	gglAdWRequêteTraficMotClé	1000018267	1	0
type	gglAdWSiteWeb	1000017697	1	0
type	gglAdWStatistique	1000017744	1	0
type	gglAdWSuggestionSite	1000018235	1	0
type	gglAdWVariationMotClé	1000018187	1	0
type	gglAdWVidéo	1000017623	1	0
type	gglAdWVilleCible	1000018548	1	0
type	gglAgenda	1000017418	1	1
type	gglAlbum	1000017422	1	0
type	gglAuteur	1000017746	1	1
type	gglChemin	1000017433	1	1
type	gglCommentaire	1000018355	1	0
type	gglCompte	1410089816	0	1
type	gglConnexion	1000018009	1	1
type	gglContact	1000017434	1	1
type	gglContenuMédia	1000018366	1	0
type	gglCoordonnée	1000017489	1	1
type	gglDocument	1000018001	1	1
type	gglDrive	1410089374	0	1
type	gglEmail	1000017571	1	1
type	gglEvénement	1000017440	1	1
type	gglGroupeContact	1000017576	1	1
type	gglGroupeMédia	1000018368	1	0
type	gglLieu	1000017441	1	1
type	gglMarqueur	1000017442	1	1
type	gglMessagerieInstantanée	1000017569	1	1
type	gglNotification	1000026200	0	1
type	gglParamètreCarte	1000017505	1	1
type	gglPersonne	1000017446	1	1
type	gglPhoto	1000017447	1	0
type	gglPièceJointe	1000026182	0	1
type	gglSociété	1000017756	1	1
type	gglSurcharge	1000026204	0	1
type	gglTag	1000018373	1	0
type	gglTagEXIF	1000018563	1	0
type	gglTéléphone	1000017573	1	1
type	gglVignette	1000018381	1	0
type	gpwOAuthParamètres	1000024751	0	1
type	gpwUtilisateur	1000021088	1	1
type	graphqlClient	1410086724	0	1
type	graphqlRéponse	1410086726	0	1
type	graphqlRequête	1410086725	0	1
type	hbCellule	1000021707	1	1
type	hbColonne	1000021698	1	1
type	hbConnexion	1000021685	1	1
type	hbDescriptionColonne	1000021694	1	1
type	hbDescriptionTable	1000021688	1	1
type	hbEcriture	1000021710	1	1
type	hbLecture	1000021701	1	1
type	hbParamètreScan	1000021715	1	1
type	hbRésultatScan	1000021724	1	1
type	hDescriptionSauvegarde	1000017455	1	1
type	hdfsConnexion	1000021650	1	1
type	hdfsDroit	1000021662	1	1
type	hdfsInformation	1000021973	1	1
type	Heure	1514068	1	1
type	hHistoriquePlanification	1410090764	0	1
type	hHistoriqueRéindexation	1410091059	0	1
type	hOpérationServeur	1000022471	1	1
type	hOptimisationPlanifiée	1000018854	1	1
type	hParamètreFichier	1000018900	1	1
type	hPlanification	1000018853	1	1
type	hPlanificationVueMatérialisée	1000021444	1	1
type	hPolitiqueSécurité	1410091181	0	1
type	hRSConfig	1000020484	1	1
type	hTâchePlanifiée	1000017448	1	1
type	htmlAttribut	1000025912	0	1
type	htmlDocument	1000025910	0	1
type	htmlNoeud	1000026081	0	1
type	httpAvancement	1000021222	1	1
type	httpRéponse	1000021165	1	1
type	httpRequête	1000021158	1	1
type	iaCollectionVecteurSémantique	1410091317	0	1
type	iaConversation	1410091340	0	1
type	iaÉlémentConversation	1410091337	0	1
type	iaInfoModèleChat	1410086683	0	1
type	iaModèleRéseauDeNeurones	1410088095	0	1
type	iaParamètreDétectionContour	1410089206	0	1
type	iaRésultatImage	1410087965	0	1
type	iaVecteurSémantique	1410091312	0	1
type	Icône	1000020811	1	1
type	iInfoSortie	1410088954	0	1
type	Image	1000019650	1	1
type	inAppProduit	1000020868	1	1
type	InfoVersion	1000018905	1	1
type	Jeton	1000023942	1	1
type	JSON	1000023611	1	1
type	jsonLecteur	1410090783	0	1
type	JSONXMLConvertisseur	1410087323	0	1
type	JWTParamètres	1410089572	0	1
type	kbActionAutorisée	1410089541	0	1
type	kbCarte	1410089167	0	1
type	Les différents types de données	1514064	1	1
type	LienGantt	1000021076	1	1
type	Liste	1514023	1	1
type	Marqueur	1000019940	1	1
type	MarqueurImage	1000025796	0	1
type	MasqueDeSaisie	1000024886	0	1
type	MembreVariant	1000021047	1	1
type	memcachedConnexion	1000023339	1	1
type	memcachedRésultat	1000023359	1	1
type	MessagerieInstantanée	1000020247	1	1
type	modbusSession	1000025924	0	1
type	Monétaire	1514043	0	1
type	mongoBase	1000022410	1	1
type	mongoBaseInfo	1000022412	1	1
type	mongoChercheOption	1000022414	1	1
type	mongoCollection	1000022411	1	1
type	mongoCollectionOption	1000022413	1	1
type	mongoConnexion	1000022409	1	1
type	mongoGridFS	1000022416	1	1
type	mongoGridFSInfoFichier	1000022417	1	1
type	mongoLotOpérationsOption	1410089271	0	1
type	mongoOpération	1410089157	0	1
type	mongoOpérationAjout	1410089163	0	1
type	mongoOpérationModificationTout	1410089165	0	1
type	mongoOpérationModificationUn	1410089164	0	1
type	mongoOpérationRemplacementUn	1410089166	0	1
type	mongoOpérationSuppressionTout	1410089162	0	1
type	mongoOpérationSuppressionUn	1410089161	0	1
type	mongoOptionEcriture	1000022597	1	1
type	mongoRésultat	1000022415	1	1
type	MotDePasseSécurisé	1000021064	0	1
type	mqttSession	1000023023	1	1
type	MultiGéométrie	1410090298	0	1
type	MultiPoint2D	1410090129	0	1
type	MultiPointGéo	1410090130	0	1
type	MultiPolygone2D	1410090135	0	1
type	MultiPolygoneGéo	1410090136	0	1
type	MultiPolyligne2D	1410090131	0	1
type	MultiPolyligneGéo	1410090133	0	1
type	nfcDonnée	1000020406	1	1
type	nfcTag	1000020411	1	1
type	Notification	1000019441	1	1
type	notificationAction	1000021304	1	1
type	notificationCatégorie	1000023981	1	1
type	notificationFormat	1000021301	1	1
type	Numérique	1514072	1	1
type	OAuth2Paramètres	1000022212	1	1
type	ocrBlocTexte	1000025639	0	1
type	ocrOption	1000025768	0	1
type	OpenIDIdentité	1000023567	1	1
type	OpenIDParamètres	1000023561	1	1
type	OptionsOuvertureFenêtre	1410091298	0	1
type	OrgaElément	1000019713	1	1
type	Palette	1000021347	1	1
type	Pays	1000024921	1	1
type	pdfChamp	1410090536	0	1
type	pdfDocument	1000024909	0	1
type	pdfElémentTexte	1000024556	0	1
type	pdfOptionChamp	1410090533	0	1
type	pdfPage	1000024904	0	1
type	pdfParamètre	1410087857	0	1
type	pdfPièceJointe	1000024899	0	1
type	pdfProtection	1410091145	0	1
type	pdfSignature	1000022255	1	1
type	pdfSignet	1410089195	0	1
type	Permission	1410087419	0	1
type	picCalque	1000024604	1	1
type	picRTF	1000025183	0	1
type	picTexte	1000025178	0	1
type	Pile	1514022	1	1
type	Point2D	1410090100	0	1
type	Point	1000018908	1	1
type	PointGéo	1410090102	0	1
type	Police	1514045	1	1
type	Polygone2D	1410090122	0	1
type	Polygone	1000025624	0	1
type	PolygoneGéo	1410090127	0	1
type	Polyligne2D	1410090109	0	1
type	PolyligneGéo	1410090128	0	1
type	Procédure	1000018907	1	1
type	Processus	1000018696	1	1
type	Rappel	1000020688	1	1
type	Rectangle	1514079	1	1
type	redisConnexion	1000023527	1	1
type	redisRéponse	1000023534	1	1
type	Réel	1514048	0	1
type	RendezVous	1000019244	1	1
type	Répétition	1000019262	1	1
type	restRéponse	1000021477	1	1
type	restRequête	1000021481	1	1
type	rssCanal	1000017769	1	1
type	rssCatégorie	1000017782	1	1
type	rssCloud	1000017785	1	1
type	rssDocumentJoint	1000017789	1	1
type	rssEntrée	1000017792	1	1
type	rssFlux	1000017795	1	1
type	rssIdentifiant	1000017797	1	1
type	rssImage	1000017799	1	1
type	rssSaisieTexte	1000017802	1	1
type	rssSource	1000017803	1	1
type	saasAbonnement	1000019088	1	1
type	saasClient	1000019072	1	1
type	saasService	1000019096	1	1
type	saasSite	1000019068	1	1
type	saasTarification	1000019091	1	1
type	saasUtilisateur	1000019083	1	1
type	saasVisite	1000024560	0	1
type	SaisieAssistée	1410088983	0	1
type	Scanneur	1410087808	0	1
type	SectionCritique	1000023972	1	1
type	serveurAppliTâchePlanifiée	1000022367	1	1
type	sfConnexion	1000017579	1	1
type	sfConversionPiste	1000018742	1	1
type	sfEnregistrementSupprimé	1000018751	1	1
type	sfErreur	1000018455	1	1
type	sfInfoSession	1000018416	1	1
type	sfInfoUtilisateur	1000018423	1	1
type	sfObjet	1000018439	1	1
type	sfRequêteFusionne	1000018506	1	1
type	sfRequêteTraitementSoumission	1000018516	1	1
type	sfRequêteTraitementTâche	1000018520	1	1
type	sfRésultatConvertitPiste	1000018739	1	1
type	sfRésultatDéconnecte	1000018560	1	1
type	sfRésultatExécuteRequête	1000018558	1	1
type	sfRésultatExécuteTraitement	1000018559	1	1
type	sfRésultatFusionne	1000018499	1	1
type	sfRésultatRecherche	1000018525	1	1
type	sfRésultatRechercheModifié	1000018561	1	1
type	sfRésultatRechercheSupprimé	1000018562	1	1
type	sfRésultatRestaure	1000018526	1	1
type	sfRésultatSauvegarde	1000018460	1	1
type	sfRésultatSupprime	1000018546	1	1
type	sfRésultatVideCorbeille	1000018467	1	1
type	SignalAutomatique	1000021270	1	1
type	SignalManuel	1000021275	1	1
type	Source de Données	1514053	1	1
type	sshSession	1000021157	1	1
type	Structure dynamique	1514007	1	1
type	Structure	1514008	1	1
type	sysNotification	1410087893	0	1
type	sysNotificationBouton	1410087947	0	1
type	sysNotificationEntrée	1410088024	0	1
type	sysNotificationJauge	1410090964	0	1
type	Tableau associatif	1514058	1	1
type	Tableau dynamique	1514057	1	1
type	Tableau fixe	1514025	1	1
type	Tableau	1514030	1	1
type	TâcheGantt	1000020881	1	1
type	TâcheParallèle	1000021220	1	1
type	tblrSélection	1000023498	1	1
type	tcdPosition	1000020726	1	1
type	TéléchargementInfo	1410087306	0	1
type	TéléchargementParamètre	1410087293	0	1
type	Téléphone	1000020241	1	1
type	Thread	1000024879	0	1
type	Tiff	1000021025	1	1
type	Toast	1000024638	1	1
type	Tuile	1000020713	1	1
type	Le type "Buffer"	1514042	1	0
type	Le type Variant	1514019	1	0
type	upnpImage	1000020905	1	1
type	upnpPériphérique	1000020903	1	1
type	upnpService	1000020908	1	1
type	URI	1000024027	1	1
type	UUID	1514083	1	1
type	Variant	1514019	0	1
type	VisiteGuidée	1410090170	0	1
type	VisiteGuidéeEtape	1410090178	0	1
type	VoixDeSynthèse	1000025986	0	1
type	WDPic	1000023503	1	1
type	websocketClient	1000025952	0	1
type	wsRéponse	1000020568	1	1
type	wsRequête	1000020577	1	1
type	xlsCellule	1000017472	1	1
type	xlsColonne	1000017471	1	1
type	xlsCommentaire	1000024870	0	1
type	xlsDocument	1000017464	1	1
type	xlsLigne	1000017325	1	1
type	xlsMiseEnPage	1000023139	0	1
type	xmlAttribut	1000018799	1	1
type	xmlDocument	1000018782	1	1
type	xmlLecteur	1000023392	1	1
type	xmlNamespace	1000018803	1	1
type	xmlNoeud	1000018786	1	1
type	xmlSignature	1000020736	1	1
type	xmlSignatureInformationCléX509	1000020742	1	1
type	xmlSignatureRéférence	1000020746	1	1
type	xmlSignatureXAdES	1410091158	0	1
type	xmlVérificationSignature	1410090389	0	1
type	xpathRésultat	1000021967	1	1
type	YAML	1000024438	0	1
type	zipArchive	1000018679	1	1
type	zipFichierArchivé	1000019044	1	1
type	zipParamètreCréationExe	1410091226	0	1
